"","headline","url"
"1","
                        18:08
                          Фото  У Миколаєві під час зустрічі з Вілкулом сталася штовханина
                    ","/rubric-elections/2659798-u-mikolaevi-pid-cas-zustrici-z-vilkulom-stalasa-stovhanina.html"
"2","
                        17:59
                         Вже п'ятий прокурор невдовзі залишить команду Мюллера — ЗМІ
                    ","/rubric-world/2659788-vze-patij-prokuror-nevdovzi-zalisit-komandu-mullera-zmi.html"
"3","
                        17:53
                         Вінник розповів про “ремонтні” схеми для військової техніки уряду Тимошенко
                    ","/rubric-polytics/2659782-vinnik-rozpoviv-pro-remontni-shemi-dla-vijskovoi-tehniki-uradu-timosenko.html"
"4","
                        17:37
                         Мей просуватиме у парламенті третій варіант Brexit-угоди
                    ","/rubric-world/2659769-mej-prosuvatime-u-parlamenti-tretij-variant-brexitugodi.html"
"5","
                        17:21
                          Ексклюзив  Убитий ювелір Кисельов забрав із Держсховища майже 400 кілограмів коштовностей
                    ","/rubric-society/2659749-ubitij-uvelir-kiselov-zabrav-iz-derzshovisa-majze-400-kilogramiv-kostovnostej.html"
"6","
                        17:20
                         Президент звільнив голову Служби зовнішньої розвідки Божка
                    ","/rubric-polytics/2659747-prezident-zvilniv-golovu-sluzbi-zovnisnoi-rozvidki-bozka.html"
"7","
                        17:17
                         Гройсман вважає, що в пропозиції Коболєва “може бути пастка”
                    ","/rubric-economy/2659740-grojsman-pripuskae-prodovzenna-kontraktu-z-kobolevim.html"
"8","
                        17:15
                          Фото, відео  Німеччина повернула Україні грамоту часів Мазепи
                    ","/rubric-culture/2659737-nimeccina-povernula-ukraini-gramotu-casiv-ivana-mazepi.html"
"9","
                        17:09
                          Відео  На адмінмежі з Кримом затримали бойовика батальйону ""Зоря""
                    ","/rubric-crimea/2659731-na-adminmezi-z-krimom-zatrimali-bojovika-bataljonu-zora.html"
"10","
                        16:59
                         Полторака і Муженка хочуть запросити на ""закриту"" ТСК 
                    ","/rubric-polytics/2659702-poltoraka-i-muzenka-hocut-zaprositi-na-zakritu-tsk.html"
"11","
                        16:46
                          Фото  Президент Італії нагородив 14-річного українця
                    ","/rubric-diaspora/2659635-prezident-italii-nagorodiv-14ricnogo-ukrainca.html"
"12","
                        16:45
                          Фото  Двох СБУшників затримали після обшуків у справі про хабарі
                    ","/rubric-society/2659681-dvoh-sbusnikiv-zatrimali-pisla-obsukiv-u-spravi-pro-habari.html"
"13","
                        16:42
                         Порошенко на фронті зустрівся з бійцями “Азову”
                    ","/rubric-ato/2659674-porosenko-na-fronti-zustrivsa-z-bijcami-azovu.html"
"14","
                        16:21
                         У штабі Порошенка назвали чорним піаром сюжет 1+1 про ""мачуху""
                    ","/rubric-elections/2659661-u-stabi-porosenka-nazvali-cornim-piarom-suzet-11-pro-macuhu.html"
"15","
                        16:20
                         “Стіна” з РФ: зараз будують ділянку на Луганщині
                    ","/rubric-regions/2659657-stina-z-rf-zaraz-buduut-dilanku-na-lugansini.html"
